id,name,surname,road,postal,city
1,Franklyn,Ruò,71246 Gulseth Junction,37679,Selmes
2,Skelhorne,Magdalène,9 Grim Place,28287,Jishi
3,Rous,Noémie,71850 Straubel Place,75556,Brisbane
4,McLaughlan,Garçon,74342 Pawling Hill,27432,Arroyo Seco
5,Lequeux,Märta,5000 Rockefeller Road,30814,Huayuan
6,Aujouanet,Laurène,871 Fulton Pass,95486,Xieba
7,Posen,Rachèle,031 Lakeland Avenue,9129,Washington
8,Piatkowski,Åslög,0457 Nelson Avenue,25084,Bo Phloi
9,Le Estut,Lóng,0655 Crest Line Circle,96941,Batken
10,Ireson,Léandre,9 Hoepker Court,91062,Yuetang
11,Sawforde,Stéphanie,19857 Northview Way,95724,Cocachacra
12,Gillean,Renée,13 Mesta Lane,6030,Pécs
13,Bedding,Annotée,582 Monterey Circle,76531,Rennes
14,Frankcomb,Börje,5 Hudson Pass,36540,Villa María
15,Slesser,Yénora,193 Bunker Hill Junction,83695,Roche Terre
16,Klug,Pénélope,85531 4th Park,56633,Vista Hermosa
17,Taverner,Dà,71392 Ludington Pass,21506,Brazzaville
18,Hurdedge,Françoise,96 Mariners Cove Drive,2544,Dinalongan
19,Mc-Kerley,Lài,7 Nova Terrace,11564,Pasirmadang
20,Vanyatin,Lorène,95 Bunting Point,5097,Ankazobe
21,Pecey,Göran,2438 Brentwood Hill,23040,Santa Cruz
22,Mingay,Agnès,01 Eastwood Street,66959,Ciherang
23,Josskoviz,André,84 Old Shore Street,95640,Borås
24,Vallery,Lauréna,45450 Eagan Hill,92216,Ushiku
25,Stede,Séverine,43 Hazelcrest Street,89776,Bako
26,Fauguel,Fèi,0 3rd Plaza,63447,Kauniainen
27,Siviour,Bénédicte,93367 Westridge Plaza,62559,Bayt ‘Anān
28,Spenclay,Loïc,03860 Judy Road,20556,Yeyik
29,Gallatly,,32 Lillian Trail,34511,Verkhozim
30,Hebble,Måns,77 Alpine Center,17642,Nesebar
31,Downham,Miléna,351 Lyons Road,57501,Colorado Springs
32,Greatland,Cléa,912 Mockingbird Alley,11117,Fernández
33,Renshaw,Renée,5 Di Loreto Street,69252,Qingliu
34,Batiste,Maëlann,39 Fair Oaks Terrace,10100,Tegalgede
35,Vasyutichev,Zoé,144 Shopko Street,79970,Ögöömör
36,Ranscombe,Thérèse,01615 Merchant Junction,40934,Promissão
37,Bendare,Aimée,446 Longview Street,92741,Posse
38,Melmore,Laurène,4 Hoard Street,81622,Dong Liang’erzhuang
39,Allery,Médiamass,38 Straubel Circle,32798,Wilmington
40,Clow,Kuí,8 Straubel Way,38601,Baoxu
41,Poston,,24268 Ronald Regan Terrace,29848,Tešanj
42,Jillard,Mélanie,3 Hayes Alley,5627,Xitou
43,Oakhill,Aimée,37 Springview Pass,46624,Oeleon
44,Le Marchand,Maï,8226 Oxford Avenue,32066,Luxi
45,Daout,Maëlann,05381 Schiller Crossing,26576,Rauma
46,Aronovitz,Néhémie,57851 Evergreen Point,88750,Koszyce Wielkie
47,Chasemore,Clélia,43 Lyons Circle,25037,San Agustín
48,Nicklen,Gaétane,02 Valley Edge Center,50641,San Francisco
49,Boatwright,Kuí,9 Dunning Pass,86550,Leńcze
50,Holby,Pélagie,5867 Scofield Pass,24801,Linjiang
51,Pyffe,Agnès,47 Farwell Junction,32184,Huayllo
52,Dryden,Maéna,2 Colorado Street,40815,Wakefield
53,Maciaszczyk,Noémie,7888 Bonner Way,73987,Minante Segundo
54,Sandal,Publicité,59 Graceland Trail,40454,Norrtälje
55,Eveleigh,Thérèse,03037 Paget Center,38992,Machang
56,McGillecole,Tú,700 Crescent Oaks Lane,95561,Sechelt
57,Perche,Maëlann,985 Nova Trail,96593,Seixo de Manhoses
58,Postians,Estève,4987 Bartillon Terrace,73262,Bogoria
59,Shakespeare,Nadège,7 Rieder Court,49529,Bardiyā
60,Paulazzi,Stéphanie,2 Esch Drive,16113,Prachuap Khiri Khan
61,Mazzei,Cloé,8 Sunbrook Road,430,Gusev
62,Mattiazzi,Lyséa,9 Rowland Hill,23463,Leipzig
63,Decker,Bérengère,1444 Jana Court,35128,Riang Tengah
64,Domleo,Néhémie,87 Hermina Junction,32248,Chile Chico
65,Scutts,Åke,93242 Almo Center,23880,Massaguet
66,Ridett,Adélaïde,34 Stuart Court,36306,Yukuriawat
67,Meldon,,76 Jenna Way,41122,Korfovskiy
68,Cowderoy,Chloé,49 Di Loreto Street,86325,Palaiochóri
69,Leinthall,Annotée,84 Ridge Oak Alley,71617,Gubin
70,O'Doghesty,Célia,9598 Bashford Court,26323,Ijuí
71,Pechet,Östen,749 Mesta Avenue,54114,Trondheim
72,McQuaide,Eliès,8467 Melvin Park,71868,Pétionville
73,Aspall,Dù,1609 Lakewood Terrace,40498,Arcangel
74,McKeag,Yóu,65769 Morningstar Crossing,21614,Gemena
75,Strettell,Marie-françoise,4585 North Crossing,90730,Shatrovo
76,Fayter,Clémentine,370 Magdeline Hill,78863,Mošorin
77,Hurkett,Noémie,5 Vera Place,58529,Jintang
78,Gianasi,Léone,291 Caliangt Junction,32899,Kaduluhur
79,Jatczak,Yú,4939 Crownhardt Terrace,44371,Castelo de Vide
80,Dunsmore,Görel,831 Dottie Court,79828,Brvenica
81,Cust,Anaé,6 Sommers Parkway,41263,Gaozhuang
82,Deboo,Erwéi,94 Fair Oaks Point,59815,Campo de la Cruz
83,Ornells,,561 Riverside Center,84953,Zaokskiy
84,Offa,Bénédicte,686 Cambridge Way,49592,Concordia
85,Garber,Lài,9 Independence Park,20876,Watuka
86,Rames,Bécassine,581 Milwaukee Place,7581,Nový Bydžov
87,Barrand,Mén,1 Dryden Alley,41816,Nanjing
88,Seelbach,Séverine,08 Hollow Ridge Drive,80587,Okegawa
89,Laker,Personnalisée,8361 Mendota Lane,50328,La Paz
90,Sinott,André,9989 Menomonie Trail,59941,Xian’an
91,Oldham,Nélie,6 American Hill,44197,Maxu
92,Jimmes,,230 Elgar Junction,87104,Třešť
93,Sante,Göran,3 Manufacturers Parkway,61699,Xique Xique
94,Garwood,Anaëlle,19 Westport Road,88835,Santa Cruz
95,Crannis,Mélanie,96716 Hayes Circle,19011,Maji
96,Clemot,Ophélie,2330 Twin Pines Terrace,62115,Pirassununga
97,Sindell,Loïc,41240 Darwin Court,41758,Mataguži
98,Flowitt,Mélissandre,312 Troy Hill,35461,Noenoni
99,Santori,Wá,05094 Gulseth Street,11516,Kirs
100,Poupard,Yáo,05 Jenifer Hill,65894,Mucllo
