id,email,phoneNumber,password,address_ID
1,bcurlis0@chronoengine.com,2061832942,D2zjC3Dz,39
2,mwheldon1@naver.com,3701382522,eeX4Al2mOFo2,27
3,mabramsky2@ca.gov,5482041798,lTxm0I4,4
4,roduane3@cisco.com,5549812518,018LxSVRK,6
5,malpine4@loc.gov,4908861879,v7Oapssg0O7v,29
6,eshields5@yahoo.com,4025657772,GFevnE,81
7,hhaslewood6@dot.gov,4569248664,HiARyVd,53
8,ryewdell7@seattletimes.com,8243457439,5xVEJovo,53
9,tizachik8@etsy.com,1493212140,PcvBC64PNa1,31
10,aphipp9@mediafire.com,6682372399,TZfWTHOQbR,7
11,cboddama@engadget.com,3594803438,ElJRZqH3B,38
12,tquestb@blogspot.com,4698764730,y8hKzJBzjf3,54
13,dwickersleyc@census.gov,9685155610,sgTjHXKcmo,62
14,epowdrilld@123-reg.co.uk,7463207129,2rynfup,40
15,cauburye@tmall.com,5591026016,HCHNS6qmOvli,29
16,mpowlesf@wordpress.org,3717726850,GApImARLcwH,62
17,llisimoreg@deliciousdays.com,9165490381,Pkm2tnnNI,44
18,mfassumh@sciencedaily.com,8373000535,It0TjnFH32O,94
19,lbalselliei@angelfire.com,9483087046,ZxtvGOA2,72
20,hmormanj@deviantart.com,6547290577,jRVS3YWPoyy,46
21,rgluyusk@cbslocal.com,3315375968,l7BfUOXQQOww,27
22,bbarrablel@cloudflare.com,3452422405,XWyNfkR0sBO,65
23,cgremanem@ucoz.ru,5842257540,hhnZowIX,65
24,alesern@dion.ne.jp,1639501646,8TdKKRHiGvB,91
25,rtungayo@surveymonkey.com,1052560072,TdXgrT,96
26,mcronkshawp@wisc.edu,7344394549,Wmg1F6Ip,13
27,cbrosettiq@reverbnation.com,2695732062,UrBU6iA,18
28,hduffieldr@seattletimes.com,5783761503,bJyDypHDC8,20
29,afoads@joomla.org,9026490824,Er5acMg,50
30,mhallockt@biblegateway.com,1809634938,w0zpYh9Ma1,68
31,dlordingu@qq.com,7742629478,PXTH2C,3
32,ggallegosv@cpanel.net,5347236479,a5rfds,25
33,btrobew@wsj.com,8239927579,pGrn5Iqtb1,80
34,kimortsx@nhs.uk,4934489701,nge7dqMk9,5
35,bitzakovitzy@elegantthemes.com,1005092734,yY6Lllm,26
36,csaltsbergz@bigcartel.com,3541737252,OrsNbORM,38
37,tdaniele10@sakura.ne.jp,6699716442,4l2Jcu,66
38,syellep11@guardian.co.uk,4131880108,J5sf2q,60
39,estrapp12@cbc.ca,1303875511,Ater0hgZblj,62
40,cbrauninger13@theguardian.com,9945764902,vui9Yg1bVlRo,57
41,eredmell14@smh.com.au,1078009929,OERTWynIGQXu,70
42,rsyncke15@biglobe.ne.jp,1666173549,h8bA2E,84
43,gbricham16@cloudflare.com,7347380718,Fiqb0zi,21
44,gshelley17@hhs.gov,7535534051,CwR2xN,73
45,ppigny18@reuters.com,6195470698,eWE8rjHh,8
46,smollindinia19@walmart.com,2657000181,9ZBVF8p,47
47,rramsier1a@hao123.com,4151235046,bHsGcUAkyh,90
48,tipsgrave1b@google.com.hk,9943829469,ny5OZhVlh,18
49,jspuffard1c@marriott.com,8777732858,xfRzWZQUzh,52
50,delcoat1d@intel.com,3453606993,qLCmHNEo7Hz,19
51,echaudhry1e@adobe.com,5898859957,JCW2diA5LYx,81
52,gwaind1f@upenn.edu,6009187450,HKplWn54JnP,65
53,sscathard1g@odnoklassniki.ru,1232889267,SADUMIfvg3z,100
54,dtoft1h@wunderground.com,9345089042,NfRddUfqxY,70
55,sbraams1i@printfriendly.com,1649164065,tCF3O3uO5b,73
56,lmaunder1j@a8.net,5649961630,WIsZRuu,28
57,roferris1k@biblegateway.com,4734571437,SrnMgWXAA,13
58,rnealon1l@posterous.com,6883786461,C4Wd449b,92
59,jgladding1m@studiopress.com,5232472815,DiGEEf6v5btf,55
60,ssprigings1n@oracle.com,7121835084,5D77rUP8,37
61,srolfs1o@netvibes.com,8742439574,luF6YXujbEG,27
62,mcambell1p@over-blog.com,7552740545,VM2Ex3NVG0,36
63,wparzis1q@microsoft.com,2781557841,XMoXVF4MHF1c,98
64,ntoffalo1r@toplist.cz,1304342051,b2oGhGmpvFym,22
65,datwel1s@usgs.gov,4774712140,FvSAni,100
66,lbriddle1t@npr.org,6665392806,IIIG8K5aZAxd,47
67,mkeynes1u@dmoz.org,7428817562,lqnz8ia2J,29
68,rcotesford1v@wp.com,8614040445,BBofw2,78
69,dscrase1w@webeden.co.uk,6908303570,kLUUcCekk,36
70,amacdonell1x@usa.gov,7268208386,tFtwk2mpZpM3,81
71,iblunkett1y@foxnews.com,4388253647,gVsJicmz9mzt,96
72,nwintour1z@etsy.com,6201922602,76s332,82
73,jsitlinton20@boston.com,6257392223,eYHV3nQD,24
74,jrabier21@webnode.com,2492013121,7JsGygbp8LN,30
75,jmacguigan22@ca.gov,2117762823,KW49xvHKr49y,4
76,sdunne23@clickbank.net,4341223004,V8Z3xAG99t,80
77,elaurenson24@dedecms.com,5128678188,ILSHmOdQ,57
78,kbyrd25@github.com,9011494703,iz3dypk9K9UY,76
79,dreaney26@dedecms.com,4488386139,DKAL7sI3,23
80,rkach27@alexa.com,2072675352,jiHXajB3x,24
